ID, X Coordinate, Z Coordinate, Speed
1, 878.7432, 11.06989, 17
1, 915.8606, 55.81726, 18
1, 550.244, -244.7625, 18
