{"cameraMode":{"drawMode":0,"name":"Shaded","section":"Shading Mode"},"sceneLighting":true,"audioPlay":false,"sceneViewState":{"m_AlwaysRefresh":false,"showFog":true,"showSkybox":true,"showFlares":true,"showImageEffects":true,"showParticleSystems":true,"showVisualEffectGraphs":true,"m_FxEnabled":true},"in2DMode":false,"pivot":{"x":-0.5654929876327515,"y":0.559516191482544,"z":0.18697351217269898},"rotation":{"x":-0.04975106194615364,"y":0.9064877033233643,"z":-0.11158304661512375,"w":-0.4041721224784851},"size":2.6308600902557375,"orthographic":false}